{
    "epoch": 1.95,
    "eval_loss": 3.10546875,
    "eval_runtime": 0.8007,
    "eval_samples": 3,
    "eval_samples_per_second": 3.747,
    "eval_steps_per_second": 1.249,
    "perplexity": 22.319678873017494
}